MANDT,VBELN     ,AUDAT   ,VBTYP,NETWR,WAERK,VKORG,VTWEG,SPART,KNUMV     ,VDATU   
400,18316,20161215,C    ,0,USD  ,1710,10,0,50239,20160101
400,18317,20161215,C    ,0,USD  ,1710,10,0,50240,20160101
400,18321,20161215,C    ,0,USD  ,1710,10,0,50244,20160101
400,18328,20161215,C    ,0,USD  ,1710,10,0,50251,20160101
400,18338,20161215,C    ,0,USD  ,1710,10,0,50261,20160101
400,18341,20161215,C    ,0,USD  ,1710,10,0,50264,20160101
400,18345,20161215,C    ,0,USD  ,1710,10,0,50268,20160101
400,18363,20161215,C    ,0,USD  ,1710,10,0,50286,20160101
400,18364,20161215,C    ,0,USD  ,1710,10,0,50287,20160101
400,18366,20161215,C    ,0,USD  ,1710,10,0,50289,20160101
400,18372,20161215,C    ,0,USD  ,1710,10,0,50295,20160101
400,18386,20161215,C    ,0,USD  ,1710,10,0,50309,20160102
400,18389,20161215,C    ,0,USD  ,1710,10,0,50312,20160102
400,18391,20161215,C    ,0,USD  ,1710,10,0,50314,20160102
400,18397,20161215,C    ,0,USD  ,1710,10,0,50320,20160102
400,18411,20161215,C    ,0,USD  ,1710,10,0,50334,20160102
400,18412,20161215,C    ,0,USD  ,1710,10,0,50335,20160102
400,18431,20161215,C    ,0,USD  ,1710,10,0,50354,20160102
400,18435,20161215,C    ,0,USD  ,1710,10,0,50358,20160102
400,18437,20161215,C    ,0,USD  ,1710,10,0,50360,20160102
400,18441,20161215,C    ,0,USD  ,1710,10,0,50364,20160102
400,18452,20161215,C    ,0,USD  ,1710,10,0,50375,20160103
400,18454,20161215,C    ,0,USD  ,1710,10,0,50377,20160103
400,18457,20161215,C    ,0,USD  ,1710,10,0,50380,20160103
400,18458,20161215,C    ,0,USD  ,1710,10,0,50381,20160103
400,18465,20161215,C    ,0,USD  ,1710,10,0,50388,20160103
400,18482,20161215,C    ,0,USD  ,1710,10,0,50405,20160103
400,18483,20161215,C    ,0,USD  ,1710,10,0,50406,20160103
400,18503,20161215,C    ,0,USD  ,1710,10,0,50426,20160103
400,18505,20161215,C    ,0,USD  ,1710,10,0,50428,20160103
400,18508,20161215,C    ,0,USD  ,1710,10,0,50431,20160103
400,18513,20161215,C    ,0,USD  ,1710,10,0,50436,20160103
400,18520,20161215,C    ,0,USD  ,1710,10,0,50443,20160104
400,18527,20161215,C    ,0,USD  ,1710,10,0,50450,20160104
400,18528,20161215,C    ,0,USD  ,1710,10,0,50451,20160104
400,18529,20161215,C    ,0,USD  ,1710,10,0,50452,20160104
400,18551,20161215,C    ,0,USD  ,1710,10,0,50474,20160104
400,18552,20161215,C    ,0,USD  ,1710,10,0,50475,20160104
400,18571,20161215,C    ,0,USD  ,1710,10,0,50494,20160104
400,18574,20161215,C    ,0,USD  ,1710,10,0,50497,20160104
400,18578,20161215,C    ,0,USD  ,1710,10,0,50501,20160104
400,18581,20161215,C    ,0,USD  ,1710,10,0,50504,20160104
400,18595,20161215,C    ,0,USD  ,1710,10,0,50518,20160105
400,18598,20161215,C    ,0,USD  ,1710,10,0,50521,20160105
400,18600,20161215,C    ,0,USD  ,1710,10,0,50523,20160105
400,18605,20161215,C    ,0,USD  ,1710,10,0,50528,20160105
400,18621,20161215,C    ,0,USD  ,1710,10,0,50544,20160105
400,18623,20161215,C    ,0,USD  ,1710,10,0,50546,20160105
400,18642,20161215,C    ,0,USD  ,1710,10,0,50565,20160105
400,18645,20161215,C    ,0,USD  ,1710,10,0,50568,20160105
400,18647,20161215,C    ,0,USD  ,1710,10,0,50570,20160105
400,18649,20161215,C    ,0,USD  ,1710,10,0,50572,20160105
400,18665,20161215,C    ,0,USD  ,1710,10,0,50588,20160106
400,18668,20161215,C    ,0,USD  ,1710,10,0,50591,20160106
400,18670,20161215,C    ,0,USD  ,1710,10,0,50593,20160106
400,18674,20161215,C    ,0,USD  ,1710,10,0,50597,20160106
400,18690,20161215,C    ,0,USD  ,1710,10,0,50613,20160106
400,18691,20161215,C    ,0,USD  ,1710,10,0,50614,20160106
400,18708,20161215,C    ,0,USD  ,1710,10,0,50631,20160106
400,18711,20161215,C    ,0,USD  ,1710,10,0,50634,20160106
400,18714,20161215,C    ,0,USD  ,1710,10,0,50637,20160106
400,18716,20161215,C    ,0,USD  ,1710,10,0,50639,20160106
400,18729,20161215,C    ,0,USD  ,1710,10,0,50652,20160107
400,18732,20161215,C    ,0,USD  ,1710,10,0,50655,20160107
400,18733,20161215,C    ,0,USD  ,1710,10,0,50656,20160107
400,18739,20161215,C    ,0,USD  ,1710,10,0,50662,20160107
400,18756,20161215,C    ,0,USD  ,1710,10,0,50679,20160107
400,18757,20161215,C    ,0,USD  ,1710,10,0,50680,20160107
400,18772,20161215,C    ,0,USD  ,1710,10,0,50695,20160107
400,18777,20161215,C    ,0,USD  ,1710,10,0,50700,20160107
400,18780,20161215,C    ,0,USD  ,1710,10,0,50703,20160107
400,18782,20161215,C    ,0,USD  ,1710,10,0,50705,20160107
400,18794,20161215,C    ,0,USD  ,1710,10,0,50717,20160108
400,18799,20161215,C    ,0,USD  ,1710,10,0,50722,20160108
400,18801,20161215,C    ,0,USD  ,1710,10,0,50724,20160108
400,18802,20161215,C    ,0,USD  ,1710,10,0,50725,20160108
400,18819,20161215,C    ,0,USD  ,1710,10,0,50742,20160108
400,18836,20161215,C    ,0,USD  ,1710,10,0,50759,20160108
400,18845,20161215,C    ,0,USD  ,1710,10,0,50768,20160108
400,18864,20161215,C    ,0,USD  ,1710,10,0,50787,20160109
400,18865,20161215,C    ,0,USD  ,1710,10,0,50788,20160109
400,18867,20161215,C    ,0,USD  ,1710,10,0,50790,20160109
400,18872,20161215,C    ,0,USD  ,1710,10,0,50795,20160109
400,18889,20161215,C    ,0,USD  ,1710,10,0,50812,20160109
400,18890,20161215,C    ,0,USD  ,1710,10,0,50813,20160109
400,18907,20161215,C    ,0,USD  ,1710,10,0,50830,20160109
400,18912,20161215,C    ,0,USD  ,1710,10,0,50835,20160109
400,18915,20161215,C    ,0,USD  ,1710,10,0,50838,20160109
400,18933,20161215,C    ,0,USD  ,1710,10,0,50856,20160110
400,18936,20161215,C    ,0,USD  ,1710,10,0,50859,20160110
400,18938,20161215,C    ,0,USD  ,1710,10,0,50861,20160110
400,18941,20161215,C    ,0,USD  ,1710,10,0,50864,20160110
400,18958,20161215,C    ,0,USD  ,1710,10,0,50881,20160110
400,18959,20161215,C    ,0,USD  ,1710,10,0,50882,20160110
400,18980,20161215,C    ,0,USD  ,1710,10,0,50903,20160110
400,18982,20161215,C    ,0,USD  ,1710,10,0,50905,20160110
400,18984,20161215,C    ,0,USD  ,1710,10,0,50907,20160110
400,18988,20161215,C    ,0,USD  ,1710,10,0,50911,20160110
400,18994,20161215,C    ,0,USD  ,1710,10,0,50917,20160111
400,19003,20161215,C    ,0,USD  ,1710,10,0,50926,20160111
400,19005,20161215,C    ,0,USD  ,1710,10,0,50928,20160111
400,19007,20161215,C    ,0,USD  ,1710,10,0,50930,20160111
400,19013,20161215,C    ,0,USD  ,1710,10,0,50936,20160111
400,19028,20161215,C    ,0,USD  ,1710,10,0,50951,20160111
400,19029,20161215,C    ,0,USD  ,1710,10,0,50952,20160111
400,19047,20161215,C    ,0,USD  ,1710,10,0,50970,20160111
400,19050,20161215,C    ,0,USD  ,1710,10,0,50973,20160111
400,19053,20161215,C    ,0,USD  ,1710,10,0,50976,20160111
400,19058,20161215,C    ,0,USD  ,1710,10,0,50981,20160111
400,19070,20161215,C    ,0,USD  ,1710,10,0,50993,20160112
400,19073,20161215,C    ,0,USD  ,1710,10,0,50996,20160112
400,19075,20161215,C    ,0,USD  ,1710,10,0,50998,20160112
400,19078,20161215,C    ,0,USD  ,1710,10,0,51001,20160112
400,19094,20161215,C    ,0,USD  ,1710,10,0,51017,20160112
400,19095,20161215,C    ,0,USD  ,1710,10,0,51018,20160112
400,19113,20161215,C    ,0,USD  ,1710,10,0,51036,20160112
400,19116,20161215,C    ,0,USD  ,1710,10,0,51039,20160112
400,19119,20161215,C    ,0,USD  ,1710,10,0,51042,20160112
400,19123,20161215,C    ,0,USD  ,1710,10,0,51046,20160112
400,19139,20161215,C    ,0,USD  ,1710,10,0,51062,20160113
400,19144,20161215,C    ,0,USD  ,1710,10,0,51067,20160113
400,19145,20161215,C    ,0,USD  ,1710,10,0,51068,20160113
400,19151,20161215,C    ,0,USD  ,1710,10,0,51074,20160113
400,19161,20161215,C    ,0,USD  ,1710,10,0,51084,20160113
400,19163,20161215,C    ,0,USD  ,1710,10,0,51086,20160113
400,19179,20161215,C    ,0,USD  ,1710,10,0,51102,20160113
400,19186,20161215,C    ,0,USD  ,1710,10,0,51109,20160113
400,19206,20161215,C    ,0,USD  ,1710,10,0,51129,20160114
400,19215,20161215,C    ,0,USD  ,1710,10,0,51138,20160114
400,19232,20161215,C    ,0,USD  ,1710,10,0,51155,20160114
400,19247,20161215,C    ,0,USD  ,1710,10,0,51170,20160114
400,19251,20161215,C    ,0,USD  ,1710,10,0,51174,20160114
400,19254,20161215,C    ,0,USD  ,1710,10,0,51177,20160114
400,19258,20161215,C    ,0,USD  ,1710,10,0,51181,20160114
400,19272,20161215,C    ,0,USD  ,1710,10,0,51195,20160115
400,19275,20161215,C    ,0,USD  ,1710,10,0,51198,20160115
400,19276,20161215,C    ,0,USD  ,1710,10,0,51199,20160115
400,19281,20161215,C    ,0,USD  ,1710,10,0,51204,20160115
400,19296,20161215,C    ,0,USD  ,1710,10,0,51219,20160115
400,19297,20161215,C    ,0,USD  ,1710,10,0,51220,20160115
400,19315,20161215,C    ,0,USD  ,1710,10,0,51238,20160115
400,19319,20161215,C    ,0,USD  ,1710,10,0,51242,20160115
400,19322,20161215,C    ,0,USD  ,1710,10,0,51245,20160115
400,19326,20161215,C    ,0,USD  ,1710,10,0,51249,20160115
400,19335,20161215,C    ,0,USD  ,1710,10,0,51258,20160116
400,19342,20161215,C    ,0,USD  ,1710,10,0,51265,20160116
400,19344,20161215,C    ,0,USD  ,1710,10,0,51267,20160116
400,19346,20161215,C    ,0,USD  ,1710,10,0,51269,20160116
400,19352,20161215,C    ,0,USD  ,1710,10,0,51275,20160116
400,19365,20161215,C    ,0,USD  ,1710,10,0,51288,20160116
400,19367,20161215,C    ,0,USD  ,1710,10,0,51290,20160116
400,19385,20161215,C    ,0,USD  ,1710,10,0,51308,20160116
400,19388,20161215,C    ,0,USD  ,1710,10,0,51311,20160116
400,19390,20161215,C    ,0,USD  ,1710,10,0,51313,20160116
400,19394,20161215,C    ,0,USD  ,1710,10,0,51317,20160116
400,19400,20161215,C    ,0,USD  ,1710,10,0,51323,20160117
400,19407,20161215,C    ,0,USD  ,1710,10,0,51330,20160117
400,19410,20161215,C    ,0,USD  ,1710,10,0,51333,20160117
400,19412,20161215,C    ,0,USD  ,1710,10,0,51335,20160117
400,19419,20161215,C    ,0,USD  ,1710,10,0,51342,20160117
400,19433,20161215,C    ,0,USD  ,1710,10,0,51356,20160117
400,19436,20161215,C    ,0,USD  ,1710,10,0,51359,20160117
400,19451,20161215,C    ,0,USD  ,1710,10,0,51374,20160117
400,19454,20161215,C    ,0,USD  ,1710,10,0,51377,20160117
400,19456,20161215,C    ,0,USD  ,1710,10,0,51379,20160117
400,19460,20161215,C    ,0,USD  ,1710,10,0,51383,20160117
400,19467,20161215,C    ,0,USD  ,1710,10,0,51390,20160118
400,19475,20161215,C    ,0,USD  ,1710,10,0,51398,20160118
400,19478,20161215,C    ,0,USD  ,1710,10,0,51401,20160118
400,19480,20161215,C    ,0,USD  ,1710,10,0,51403,20160118
400,19487,20161215,C    ,0,USD  ,1710,10,0,51410,20160118
400,19503,20161215,C    ,0,USD  ,1710,10,0,51426,20160118
400,19504,20161215,C    ,0,USD  ,1710,10,0,51427,20160118
400,19520,20161215,C    ,0,USD  ,1710,10,0,51443,20160118
400,19523,20161215,C    ,0,USD  ,1710,10,0,51446,20160118
400,19526,20161215,C    ,0,USD  ,1710,10,0,51449,20160118
400,19530,20161215,C    ,0,USD  ,1710,10,0,51453,20160118
400,19546,20161215,C    ,0,USD  ,1710,10,0,51469,20160119
400,19549,20161215,C    ,0,USD  ,1710,10,0,51472,20160119
400,19552,20161215,C    ,0,USD  ,1710,10,0,51475,20160119
400,19558,20161215,C    ,0,USD  ,1710,10,0,51481,20160119
400,19573,20161215,C    ,0,USD  ,1710,10,0,51496,20160119
400,19574,20161215,C    ,0,USD  ,1710,10,0,51497,20160119
400,19587,20161215,C    ,0,USD  ,1710,10,0,51510,20160119
400,19591,20161215,C    ,0,USD  ,1710,10,0,51514,20160119
400,19595,20161215,C    ,0,USD  ,1710,10,0,51518,20160119
400,19601,20161215,C    ,0,USD  ,1710,10,0,51524,20160119
400,19606,20161215,C    ,0,USD  ,1710,10,0,51529,20160120
400,19617,20161215,C    ,0,USD  ,1710,10,0,51540,20160120
400,19618,20161215,C    ,0,USD  ,1710,10,0,51541,20160120
400,19620,20161215,C    ,0,USD  ,1710,10,0,51543,20160120
400,19625,20161215,C    ,0,USD  ,1710,10,0,51548,20160120
400,19641,20161215,C    ,0,USD  ,1710,10,0,51564,20160120
400,19642,20161215,C    ,0,USD  ,1710,10,0,51565,20160120
400,19660,20161215,C    ,0,USD  ,1710,10,0,51583,20160120
400,19661,20161215,C    ,0,USD  ,1710,10,0,51584,20160120
400,19664,20161215,C    ,0,USD  ,1710,10,0,51587,20160120
400,19669,20161215,C    ,0,USD  ,1710,10,0,51592,20160120
400,19681,20161215,C    ,0,USD  ,1710,10,0,51604,20160121
400,19683,20161215,C    ,0,USD  ,1710,10,0,51606,20160121
400,19685,20161215,C    ,0,USD  ,1710,10,0,51608,20160121
400,19694,20161215,C    ,0,USD  ,1710,10,0,51617,20160121
400,19710,20161215,C    ,0,USD  ,1710,10,0,51633,20160121
400,19711,20161215,C    ,0,USD  ,1710,10,0,51634,20160121
400,19730,20161215,C    ,0,USD  ,1710,10,0,51653,20160121
400,19732,20161215,C    ,0,USD  ,1710,10,0,51655,20160121
400,19734,20161215,C    ,0,USD  ,1710,10,0,51657,20160121
400,19738,20161215,C    ,0,USD  ,1710,10,0,51661,20160121
400,19750,20161215,C    ,0,USD  ,1710,10,0,51673,20160122
400,19753,20161215,C    ,0,USD  ,1710,10,0,51676,20160122
400,19756,20161215,C    ,0,USD  ,1710,10,0,51679,20160122
400,19759,20161215,C    ,0,USD  ,1710,10,0,51682,20160122
400,19775,20161215,C    ,0,USD  ,1710,10,0,51698,20160122
400,19776,20161215,C    ,0,USD  ,1710,10,0,51699,20160122
400,19792,20161215,C    ,0,USD  ,1710,10,0,51715,20160122
400,19795,20161215,C    ,0,USD  ,1710,10,0,51718,20160122
400,19799,20161215,C    ,0,USD  ,1710,10,0,51722,20160122
400,19805,20161215,C    ,0,USD  ,1710,10,0,51728,20160122
400,19817,20161215,C    ,0,USD  ,1710,10,0,51740,20160123
400,19820,20161215,C    ,0,USD  ,1710,10,0,51743,20160123
400,19822,20161215,C    ,0,USD  ,1710,10,0,51745,20160123
400,19826,20161215,C    ,0,USD  ,1710,10,0,51749,20160123
400,19843,20161215,C    ,0,USD  ,1710,10,0,51766,20160123
400,19844,20161215,C    ,0,USD  ,1710,10,0,51767,20160123
400,19864,20161215,C    ,0,USD  ,1710,10,0,51787,20160123
400,19865,20161215,C    ,0,USD  ,1710,10,0,51788,20160123
400,19867,20161215,C    ,0,USD  ,1710,10,0,51790,20160123
400,19873,20161215,C    ,0,USD  ,1710,10,0,51796,20160123
400,19890,20161215,C    ,0,USD  ,1710,10,0,51813,20160124
400,19891,20161215,C    ,0,USD  ,1710,10,0,51814,20160124
400,19892,20161215,C    ,0,USD  ,1710,10,0,51815,20160124
400,19899,20161215,C    ,0,USD  ,1710,10,0,51822,20160124
400,19913,20161215,C    ,0,USD  ,1710,10,0,51836,20160124
400,19914,20161215,C    ,0,USD  ,1710,10,0,51837,20160124
400,19932,20161215,C    ,0,USD  ,1710,10,0,51855,20160124
400,19935,20161215,C    ,0,USD  ,1710,10,0,51858,20160124
400,19936,20161215,C    ,0,USD  ,1710,10,0,51859,20160124
400,19942,20161215,C    ,0,USD  ,1710,10,0,51865,20160124
400,19954,20161215,C    ,0,USD  ,1710,10,0,51877,20160125
400,19958,20161215,C    ,0,USD  ,1710,10,0,51881,20160125
400,19959,20161215,C    ,0,USD  ,1710,10,0,51882,20160125
400,19961,20161215,C    ,0,USD  ,1710,10,0,51884,20160125
400,19966,20161215,C    ,0,USD  ,1710,10,0,51889,20160125
400,19983,20161215,C    ,0,USD  ,1710,10,0,51906,20160125
400,19984,20161215,C    ,0,USD  ,1710,10,0,51907,20160125
400,20000,20161215,C    ,0,USD  ,1710,10,0,51923,20160125
400,20004,20161215,C    ,0,USD  ,1710,10,0,51927,20160125
400,20007,20161215,C    ,0,USD  ,1710,10,0,51930,20160125
400,20009,20161215,C    ,0,USD  ,1710,10,0,51932,20160125
400,20022,20161215,C    ,0,USD  ,1710,10,0,51945,20160126
400,20028,20161215,C    ,0,USD  ,1710,10,0,51951,20160126
400,20438,20161215,C    ,0,USD  ,1710,10,0,52361,20160201
400,20439,20161215,C    ,0,USD  ,1710,10,0,52362,20160201
400,20030,20161215,C    ,0,USD  ,1710,10,0,51953,20160126
400,20442,20161215,C    ,0,USD  ,1710,10,0,52365,20160201
400,20033,20161215,C    ,0,USD  ,1710,10,0,51956,20160126
400,20038,20161215,C    ,0,USD  ,1710,10,0,51961,20160126
400,20450,20161215,C    ,0,USD  ,1710,10,0,52373,20160201
400,20051,20161215,C    ,0,USD  ,1710,10,0,51974,20160126
400,20461,20161215,C    ,0,USD  ,1710,10,0,52384,20160201
400,20053,20161215,C    ,0,USD  ,1710,10,0,51976,20160126
400,20463,20161215,C    ,0,USD  ,1710,10,0,52386,20160201
400,20466,20161215,C    ,0,USD  ,1710,10,0,52389,20160201
400,20068,20161215,C    ,0,USD  ,1710,10,0,51991,20160126
400,20072,20161215,C    ,0,USD  ,1710,10,0,51995,20160126
400,20075,20161215,C    ,0,USD  ,1710,10,0,51998,20160126
400,20485,20161215,C    ,0,USD  ,1710,10,0,52408,20160201
400,20077,20161215,C    ,0,USD  ,1710,10,0,52000,20160126
400,20486,20161215,C    ,0,USD  ,1710,10,0,52409,20160201
400,20488,20161215,C    ,0,USD  ,1710,10,0,52411,20160201
400,20084,20161215,C    ,0,USD  ,1710,10,0,52007,20160127
400,20494,20161215,C    ,0,USD  ,1710,10,0,52417,20160201
400,20503,20161215,C    ,0,USD  ,1710,10,0,52426,20160202
400,20096,20161215,C    ,0,USD  ,1710,10,0,52019,20160127
400,20097,20161215,C    ,0,USD  ,1710,10,0,52020,20160127
400,20098,20161215,C    ,0,USD  ,1710,10,0,52021,20160127
400,20509,20161215,C    ,0,USD  ,1710,10,0,52432,20160202
400,20510,20161215,C    ,0,USD  ,1710,10,0,52433,20160202
400,20106,20161215,C    ,0,USD  ,1710,10,0,52029,20160127
400,20516,20161215,C    ,0,USD  ,1710,10,0,52439,20160202
400,20116,20161215,C    ,0,USD  ,1710,10,0,52039,20160127
400,20121,20161215,C    ,0,USD  ,1710,10,0,52044,20160127
400,20531,20161215,C    ,0,USD  ,1710,10,0,52454,20160202
400,20535,20161215,C    ,0,USD  ,1710,10,0,52458,20160202
400,20536,20161215,C    ,0,USD  ,1710,10,0,52459,20160202
400,20139,20161215,C    ,0,USD  ,1710,10,0,52062,20160127
400,20142,20161215,C    ,0,USD  ,1710,10,0,52065,20160127
400,20552,20161215,C    ,0,USD  ,1710,10,0,52475,20160202
400,20145,20161215,C    ,0,USD  ,1710,10,0,52068,20160127
400,20556,20161215,C    ,0,USD  ,1710,10,0,52479,20160202
400,20148,20161215,C    ,0,USD  ,1710,10,0,52071,20160127
400,20559,20161215,C    ,0,USD  ,1710,10,0,52482,20160202
400,20152,20161215,C    ,0,USD  ,1710,10,0,52075,20160128
400,20564,20161215,C    ,0,USD  ,1710,10,0,52487,20160202
400,20164,20161215,C    ,0,USD  ,1710,10,0,52087,20160128
400,20576,20161215,C    ,0,USD  ,1710,10,0,52499,20160203
400,20166,20161215,C    ,0,USD  ,1710,10,0,52089,20160128
400,20168,20161215,C    ,0,USD  ,1710,10,0,52091,20160128
400,20389,20161215,C    ,0,USD  ,1710,10,0,52312,20160131
400,20390,20161215,C    ,0,USD  ,1710,10,0,52313,20160131
400,20810,20161215,C    ,0,USD  ,1710,10,0,52733,20160206
400,20811,20161215,C    ,0,USD  ,1710,10,0,52734,20160206
400,20580,20161215,C    ,0,USD  ,1710,10,0,52503,20160203
400,20173,20161215,C    ,0,USD  ,1710,10,0,52096,20160128
400,20586,20161215,C    ,0,USD  ,1710,10,0,52509,20160203
400,20587,20161215,C    ,0,USD  ,1710,10,0,52510,20160203
400,20592,20161215,C    ,0,USD  ,1710,10,0,52515,20160203
400,20187,20161215,C    ,0,USD  ,1710,10,0,52110,20160128
400,20188,20161215,C    ,0,USD  ,1710,10,0,52111,20160128
400,20604,20161215,C    ,0,USD  ,1710,10,0,52527,20160203
400,20606,20161215,C    ,0,USD  ,1710,10,0,52529,20160203
400,20205,20161215,C    ,0,USD  ,1710,10,0,52128,20160128
400,20210,20161215,C    ,0,USD  ,1710,10,0,52133,20160128
400,20622,20161215,C    ,0,USD  ,1710,10,0,52545,20160203
400,20213,20161215,C    ,0,USD  ,1710,10,0,52136,20160128
400,20626,20161215,C    ,0,USD  ,1710,10,0,52549,20160203
400,20217,20161215,C    ,0,USD  ,1710,10,0,52140,20160128
400,20628,20161215,C    ,0,USD  ,1710,10,0,52551,20160203
400,20633,20161215,C    ,0,USD  ,1710,10,0,52556,20160203
400,20227,20161215,C    ,0,USD  ,1710,10,0,52150,20160129
400,20229,20161215,C    ,0,USD  ,1710,10,0,52152,20160129
400,20640,20161215,C    ,0,USD  ,1710,10,0,52563,20160204
400,20231,20161215,C    ,0,USD  ,1710,10,0,52154,20160129
400,20645,20161215,C    ,0,USD  ,1710,10,0,52568,20160204
400,20236,20161215,C    ,0,USD  ,1710,10,0,52159,20160129
400,20648,20161215,C    ,0,USD  ,1710,10,0,52571,20160204
400,20650,20161215,C    ,0,USD  ,1710,10,0,52573,20160204
400,20658,20161215,C    ,0,USD  ,1710,10,0,52581,20160204
400,20249,20161215,C    ,0,USD  ,1710,10,0,52172,20160129
400,20254,20161215,C    ,0,USD  ,1710,10,0,52177,20160129
400,20669,20161215,C    ,0,USD  ,1710,10,0,52592,20160204
400,20675,20161215,C    ,0,USD  ,1710,10,0,52598,20160204
400,20266,20161215,C    ,0,USD  ,1710,10,0,52189,20160129
400,20275,20161215,C    ,0,USD  ,1710,10,0,52198,20160129
400,20278,20161215,C    ,0,USD  ,1710,10,0,52201,20160129
400,20691,20161215,C    ,0,USD  ,1710,10,0,52614,20160204
400,20696,20161215,C    ,0,USD  ,1710,10,0,52619,20160204
400,20698,20161215,C    ,0,USD  ,1710,10,0,52621,20160204
400,20702,20161215,C    ,0,USD  ,1710,10,0,52625,20160204
400,20293,20161215,C    ,0,USD  ,1710,10,0,52216,20160130
400,20295,20161215,C    ,0,USD  ,1710,10,0,52218,20160130
400,20298,20161215,C    ,0,USD  ,1710,10,0,52221,20160130
400,20301,20161215,C    ,0,USD  ,1710,10,0,52224,20160130
400,20717,20161215,C    ,0,USD  ,1710,10,0,52640,20160205
400,20307,20161215,C    ,0,USD  ,1710,10,0,52230,20160130
400,20720,20161215,C    ,0,USD  ,1710,10,0,52643,20160205
400,20722,20161215,C    ,0,USD  ,1710,10,0,52645,20160205
400,20728,20161215,C    ,0,USD  ,1710,10,0,52651,20160205
400,20324,20161215,C    ,0,USD  ,1710,10,0,52247,20160130
400,20325,20161215,C    ,0,USD  ,1710,10,0,52248,20160130
400,20739,20161215,C    ,0,USD  ,1710,10,0,52662,20160205
400,20740,20161215,C    ,0,USD  ,1710,10,0,52663,20160205
400,20342,20161215,C    ,0,USD  ,1710,10,0,52265,20160130
400,20346,20161215,C    ,0,USD  ,1710,10,0,52269,20160130
400,20759,20161215,C    ,0,USD  ,1710,10,0,52682,20160205
400,20348,20161215,C    ,0,USD  ,1710,10,0,52271,20160130
400,20408,20161215,C    ,0,USD  ,1710,10,0,52331,20160131
400,20412,20161215,C    ,0,USD  ,1710,10,0,52335,20160131
400,20416,20161215,C    ,0,USD  ,1710,10,0,52339,20160131
400,20829,20161215,C    ,0,USD  ,1710,10,0,52752,20160206
400,20418,20161215,C    ,0,USD  ,1710,10,0,52341,20160131
400,20833,20161215,C    ,0,USD  ,1710,10,0,52756,20160206
400,20835,20161215,C    ,0,USD  ,1710,10,0,52758,20160206
400,20840,20161215,C    ,0,USD  ,1710,10,0,52763,20160206
400,20856,20161215,C    ,0,USD  ,1710,10,0,52779,20160207
400,20857,20161215,C    ,0,USD  ,1710,10,0,52780,20160207
400,20859,20161215,C    ,0,USD  ,1710,10,0,52782,20160207
400,20866,20161215,C    ,0,USD  ,1710,10,0,52789,20160207
400,20877,20161215,C    ,0,USD  ,1710,10,0,52800,20160207
400,20881,20161215,C    ,0,USD  ,1710,10,0,52804,20160207
400,20882,20161215,C    ,0,USD  ,1710,10,0,52805,20160207
400,20899,20161215,C    ,0,USD  ,1710,10,0,52822,20160207
400,20903,20161215,C    ,0,USD  ,1710,10,0,52826,20160207
400,20906,20161215,C    ,0,USD  ,1710,10,0,52829,20160207
400,20912,20161215,C    ,0,USD  ,1710,10,0,52835,20160207
400,20925,20161215,C    ,0,USD  ,1710,10,0,52848,20160208
400,20927,20161215,C    ,0,USD  ,1710,10,0,52850,20160208
400,20930,20161215,C    ,0,USD  ,1710,10,0,52853,20160208
400,20936,20161215,C    ,0,USD  ,1710,10,0,52859,20160208
400,20944,20161215,C    ,0,USD  ,1710,10,0,52867,20160208
400,20946,20161215,C    ,0,USD  ,1710,10,0,52869,20160208
400,20969,20161215,C    ,0,USD  ,1710,10,0,52892,20160208
400,20973,20161215,C    ,0,USD  ,1710,10,0,52896,20160208
400,20974,20161215,C    ,0,USD  ,1710,10,0,52897,20160208
400,20978,20161215,C    ,0,USD  ,1710,10,0,52901,20160208
400,20991,20161215,C    ,0,USD  ,1710,10,0,52914,20160209
400,20995,20161215,C    ,0,USD  ,1710,10,0,52918,20160209
400,20998,20161215,C    ,0,USD  ,1710,10,0,52921,20160209
400,22379,20161215,C    ,0,USD  ,1710,10,0,54302,20160301
400,22383,20161215,C    ,0,USD  ,1710,10,0,54306,20160301
400,21017,20161215,C    ,0,USD  ,1710,10,0,52940,20160209
400,22386,20161215,C    ,0,USD  ,1710,10,0,54309,20160301
400,21023,20161215,C    ,0,USD  ,1710,10,0,52946,20160209
400,22394,20161215,C    ,0,USD  ,1710,10,0,54317,20160301
400,22404,20161215,C    ,0,USD  ,1710,10,0,54327,20160301
400,21037,20161215,C    ,0,USD  ,1710,10,0,52960,20160209
400,22406,20161215,C    ,0,USD  ,1710,10,0,54329,20160301
400,21039,20161215,C    ,0,USD  ,1710,10,0,52962,20160209
400,21042,20161215,C    ,0,USD  ,1710,10,0,52965,20160209
400,22410,20161215,C    ,0,USD  ,1710,10,0,54333,20160301
400,21047,20161215,C    ,0,USD  ,1710,10,0,52970,20160209
400,21054,20161215,C    ,0,USD  ,1710,10,0,52977,20160210
400,21059,20161215,C    ,0,USD  ,1710,10,0,52982,20160210
400,22429,20161215,C    ,0,USD  ,1710,10,0,54352,20160301
400,22431,20161215,C    ,0,USD  ,1710,10,0,54354,20160301
400,21065,20161215,C    ,0,USD  ,1710,10,0,52988,20160210
400,22433,20161215,C    ,0,USD  ,1710,10,0,54356,20160301
400,21067,20161215,C    ,0,USD  ,1710,10,0,52990,20160210
400,22439,20161215,C    ,0,USD  ,1710,10,0,54362,20160301
400,21074,20161215,C    ,0,USD  ,1710,10,0,52997,20160210
400,22445,20161215,C    ,0,USD  ,1710,10,0,54368,20160302
400,22447,20161215,C    ,0,USD  ,1710,10,0,54370,20160302
400,21083,20161215,C    ,0,USD  ,1710,10,0,53006,20160210
400,22453,20161215,C    ,0,USD  ,1710,10,0,54376,20160302
400,22455,20161215,C    ,0,USD  ,1710,10,0,54378,20160302
400,21089,20161215,C    ,0,USD  ,1710,10,0,53012,20160210
400,21104,20161215,C    ,0,USD  ,1710,10,0,53027,20160210
400,22473,20161215,C    ,0,USD  ,1710,10,0,54396,20160302
400,21108,20161215,C    ,0,USD  ,1710,10,0,53031,20160210
400,22478,20161215,C    ,0,USD  ,1710,10,0,54401,20160302
400,22479,20161215,C    ,0,USD  ,1710,10,0,54402,20160302
400,21112,20161215,C    ,0,USD  ,1710,10,0,53035,20160210
400,21126,20161215,C    ,0,USD  ,1710,10,0,53049,20160211
400,22496,20161215,C    ,0,USD  ,1710,10,0,54419,20160302
400,21129,20161215,C    ,0,USD  ,1710,10,0,53052,20160211
400,22499,20161215,C    ,0,USD  ,1710,10,0,54422,20160302
400,21131,20161215,C    ,0,USD  ,1710,10,0,53054,20160211
400,22501,20161215,C    ,0,USD  ,1710,10,0,54424,20160302
400,21137,20161215,C    ,0,USD  ,1710,10,0,53060,20160211
400,22508,20161215,C    ,0,USD  ,1710,10,0,54431,20160302
400,22512,20161215,C    ,0,USD  ,1710,10,0,54435,20160303
400,22516,20161215,C    ,0,USD  ,1710,10,0,54439,20160303
400,22522,20161215,C    ,0,USD  ,1710,10,0,54445,20160303
400,21155,20161215,C    ,0,USD  ,1710,10,0,53078,20160211
400,22524,20161215,C    ,0,USD  ,1710,10,0,54447,20160303
400,21157,20161215,C    ,0,USD  ,1710,10,0,53080,20160211
400,22531,20161215,C    ,0,USD  ,1710,10,0,54454,20160303
400,21174,20161215,C    ,0,USD  ,1710,10,0,53097,20160211
400,22544,20161215,C    ,0,USD  ,1710,10,0,54467,20160303
400,21178,20161215,C    ,0,USD  ,1710,10,0,53101,20160211
400,21180,20161215,C    ,0,USD  ,1710,10,0,53103,20160211
400,22548,20161215,C    ,0,USD  ,1710,10,0,54471,20160303
400,22549,20161215,C    ,0,USD  ,1710,10,0,54472,20160303
400,21185,20161215,C    ,0,USD  ,1710,10,0,53108,20160211
400,21190,20161215,C    ,0,USD  ,1710,10,0,53113,20160212
400,21198,20161215,C    ,0,USD  ,1710,10,0,53121,20160212
400,22565,20161215,C    ,0,USD  ,1710,10,0,54488,20160303
400,21200,20161215,C    ,0,USD  ,1710,10,0,53123,20160212
400,22569,20161215,C    ,0,USD  ,1710,10,0,54492,20160303
400,21203,20161215,C    ,0,USD  ,1710,10,0,53126,20160212
400,22571,20161215,C    ,0,USD  ,1710,10,0,54494,20160303
400,21207,20161215,C    ,0,USD  ,1710,10,0,53130,20160212
400,22579,20161215,C    ,0,USD  ,1710,10,0,54502,20160304
400,22580,20161215,C    ,0,USD  ,1710,10,0,54503,20160304
400,22586,20161215,C    ,0,USD  ,1710,10,0,54509,20160304
400,21224,20161215,C    ,0,USD  ,1710,10,0,53147,20160212
400,22592,20161215,C    ,0,USD  ,1710,10,0,54515,20160304
400,22593,20161215,C    ,0,USD  ,1710,10,0,54516,20160304
400,21226,20161215,C    ,0,USD  ,1710,10,0,53149,20160212
400,22600,20161215,C    ,0,USD  ,1710,10,0,54523,20160304
400,21244,20161215,C    ,0,USD  ,1710,10,0,53167,20160212
400,21248,20161215,C    ,0,USD  ,1710,10,0,53171,20160212
400,21250,20161215,C    ,0,USD  ,1710,10,0,53173,20160212
400,22618,20161215,C    ,0,USD  ,1710,10,0,54541,20160304
400,22619,20161215,C    ,0,USD  ,1710,10,0,54542,20160304
400,21253,20161215,C    ,0,USD  ,1710,10,0,53176,20160212
400,21266,20161215,C    ,0,USD  ,1710,10,0,53189,20160213
400,21268,20161215,C    ,0,USD  ,1710,10,0,53191,20160213
400,21269,20161215,C    ,0,USD  ,1710,10,0,53192,20160213
400,22637,20161215,C    ,0,USD  ,1710,10,0,54560,20160304
400,22639,20161215,C    ,0,USD  ,1710,10,0,54562,20160304
400,22641,20161215,C    ,0,USD  ,1710,10,0,54564,20160304
400,21276,20161215,C    ,0,USD  ,1710,10,0,53199,20160213
400,22655,20161215,C    ,0,USD  ,1710,10,0,54578,20160305
400,22658,20161215,C    ,0,USD  ,1710,10,0,54581,20160305
400,21290,20161215,C    ,0,USD  ,1710,10,0,53213,20160213
400,22660,20161215,C    ,0,USD  ,1710,10,0,54583,20160305
400,21294,20161215,C    ,0,USD  ,1710,10,0,53217,20160213
400,21296,20161215,C    ,0,USD  ,1710,10,0,53219,20160213
400,22666,20161215,C    ,0,USD  ,1710,10,0,54589,20160305
400,21314,20161215,C    ,0,USD  ,1710,10,0,53237,20160213
400,21316,20161215,C    ,0,USD  ,1710,10,0,53239,20160213
400,22684,20161215,C    ,0,USD  ,1710,10,0,54607,20160305
400,22685,20161215,C    ,0,USD  ,1710,10,0,54608,20160305
400,21319,20161215,C    ,0,USD  ,1710,10,0,53242,20160213
400,21323,20161215,C    ,0,USD  ,1710,10,0,53246,20160213
400,22701,20161215,C    ,0,USD  ,1710,10,0,54624,20160305
400,22705,20161215,C    ,0,USD  ,1710,10,0,54628,20160305
400,21337,20161215,C    ,0,USD  ,1710,10,0,53260,20160214
400,21339,20161215,C    ,0,USD  ,1710,10,0,53262,20160214
400,22708,20161215,C    ,0,USD  ,1710,10,0,54631,20160305
400,21342,20161215,C    ,0,USD  ,1710,10,0,53265,20160214
400,22713,20161215,C    ,0,USD  ,1710,10,0,54636,20160305
400,21348,20161215,C    ,0,USD  ,1710,10,0,53271,20160214
400,22721,20161215,C    ,0,USD  ,1710,10,0,54644,20160306
400,22726,20161215,C    ,0,USD  ,1710,10,0,54649,20160306
400,22728,20161215,C    ,0,USD  ,1710,10,0,54651,20160306
400,21362,20161215,C    ,0,USD  ,1710,10,0,53285,20160214
400,21366,20161215,C    ,0,USD  ,1710,10,0,53289,20160214
400,21367,20161215,C    ,0,USD  ,1710,10,0,53290,20160214
400,22737,20161215,C    ,0,USD  ,1710,10,0,54660,20160306
400,22753,20161215,C    ,0,USD  ,1710,10,0,54676,20160306
400,21384,20161215,C    ,0,USD  ,1710,10,0,53307,20160214
400,22754,20161215,C    ,0,USD  ,1710,10,0,54677,20160306
400,21387,20161215,C    ,0,USD  ,1710,10,0,53310,20160214
400,21390,20161215,C    ,0,USD  ,1710,10,0,53313,20160214
400,21393,20161215,C    ,0,USD  ,1710,10,0,53316,20160214
400,22771,20161215,C    ,0,USD  ,1710,10,0,54694,20160306
400,21405,20161215,C    ,0,USD  ,1710,10,0,53328,20160215
400,22774,20161215,C    ,0,USD  ,1710,10,0,54697,20160306
400,22776,20161215,C    ,0,USD  ,1710,10,0,54699,20160306
400,21409,20161215,C    ,0,USD  ,1710,10,0,53332,20160215
400,21410,20161215,C    ,0,USD  ,1710,10,0,53333,20160215
400,22781,20161215,C    ,0,USD  ,1710,10,0,54704,20160306
400,24466,20161215,C    ,0,USD  ,1710,10,0,56389,20160401
400,21419,20161215,C    ,0,USD  ,1710,10,0,53342,20160215
400,22791,20161215,C    ,0,USD  ,1710,10,0,54714,20160307
400,24474,20161215,C    ,0,USD  ,1710,10,0,56397,20160401
400,22794,20161215,C    ,0,USD  ,1710,10,0,54717,20160307
400,22798,20161215,C    ,0,USD  ,1710,10,0,54721,20160307
400,21433,20161215,C    ,0,USD  ,1710,10,0,53356,20160215
400,22800,20161215,C    ,0,USD  ,1710,10,0,54723,20160307
400,21434,20161215,C    ,0,USD  ,1710,10,0,53357,20160215
400,22806,20161215,C    ,0,USD  ,1710,10,0,54729,20160307
400,24490,20161215,C    ,0,USD  ,1710,10,0,56413,20160401
400,21451,20161215,C    ,0,USD  ,1710,10,0,53374,20160215
400,22818,20161215,C    ,0,USD  ,1710,10,0,54741,20160307
400,21455,20161215,C    ,0,USD  ,1710,10,0,53378,20160215
400,21457,20161215,C    ,0,USD  ,1710,10,0,53380,20160215
400,24507,20161215,C    ,0,USD  ,1710,10,0,56430,20160401
400,24518,20161215,C    ,0,USD  ,1710,10,0,56441,20160401
400,21475,20161215,C    ,0,USD  ,1710,10,0,53398,20160216
400,22841,20161215,C    ,0,USD  ,1710,10,0,54764,20160307
400,22843,20161215,C    ,0,USD  ,1710,10,0,54766,20160307
400,21478,20161215,C    ,0,USD  ,1710,10,0,53401,20160216
400,22845,20161215,C    ,0,USD  ,1710,10,0,54768,20160307
400,21480,20161215,C    ,0,USD  ,1710,10,0,53403,20160216
400,24531,20161215,C    ,0,USD  ,1710,10,0,56454,20160402
400,22849,20161215,C    ,0,USD  ,1710,10,0,54772,20160307
400,21486,20161215,C    ,0,USD  ,1710,10,0,53409,20160216
400,24537,20161215,C    ,0,USD  ,1710,10,0,56460,20160402
400,22860,20161215,C    ,0,USD  ,1710,10,0,54783,20160308
400,22863,20161215,C    ,0,USD  ,1710,10,0,54786,20160308
400,21498,20161215,C    ,0,USD  ,1710,10,0,53421,20160216
400,21502,20161215,C    ,0,USD  ,1710,10,0,53425,20160216
400,21503,20161215,C    ,0,USD  ,1710,10,0,53426,20160216
400,24553,20161215,C    ,0,USD  ,1710,10,0,56476,20160402
400,22888,20161215,C    ,0,USD  ,1710,10,0,54811,20160308
400,21524,20161215,C    ,0,USD  ,1710,10,0,53447,20160216
400,21527,20161215,C    ,0,USD  ,1710,10,0,53450,20160216
400,21529,20161215,C    ,0,USD  ,1710,10,0,53452,20160216
400,21532,20161215,C    ,0,USD  ,1710,10,0,53455,20160216
400,22906,20161215,C    ,0,USD  ,1710,10,0,54829,20160308
400,22909,20161215,C    ,0,USD  ,1710,10,0,54832,20160308
400,24596,20161215,C    ,0,USD  ,1710,10,0,56519,20160403
400,22915,20161215,C    ,0,USD  ,1710,10,0,54838,20160308
400,21549,20161215,C    ,0,USD  ,1710,10,0,53472,20160217
400,21551,20161215,C    ,0,USD  ,1710,10,0,53474,20160217
400,21553,20161215,C    ,0,USD  ,1710,10,0,53476,20160217
400,24602,20161215,C    ,0,USD  ,1710,10,0,56525,20160403
400,22921,20161215,C    ,0,USD  ,1710,10,0,54844,20160309
400,22922,20161215,C    ,0,USD  ,1710,10,0,54845,20160309
400,22923,20161215,C    ,0,USD  ,1710,10,0,54846,20160309
400,21559,20161215,C    ,0,USD  ,1710,10,0,53482,20160217
400,22926,20161215,C    ,0,USD  ,1710,10,0,54849,20160309
400,22927,20161215,C    ,0,USD  ,1710,10,0,54850,20160309
400,22934,20161215,C    ,0,USD  ,1710,10,0,54857,20160309
400,21571,20161215,C    ,0,USD  ,1710,10,0,53494,20160217
400,21577,20161215,C    ,0,USD  ,1710,10,0,53500,20160217
400,22950,20161215,C    ,0,USD  ,1710,10,0,54873,20160309
400,22955,20161215,C    ,0,USD  ,1710,10,0,54878,20160309
400,21592,20161215,C    ,0,USD  ,1710,10,0,53515,20160217
400,21594,20161215,C    ,0,USD  ,1710,10,0,53517,20160217
400,21597,20161215,C    ,0,USD  ,1710,10,0,53520,20160217
400,24650,20161215,C    ,0,USD  ,1710,10,0,56573,20160403
400,24651,20161215,C    ,0,USD  ,1710,10,0,56574,20160404
400,21602,20161215,C    ,0,USD  ,1710,10,0,53525,20160217
400,22976,20161215,C    ,0,USD  ,1710,10,0,54899,20160309
400,21614,20161215,C    ,0,USD  ,1710,10,0,53537,20160218
400,21615,20161215,C    ,0,USD  ,1710,10,0,53538,20160218
400,22983,20161215,C    ,0,USD  ,1710,10,0,54906,20160310
400,21618,20161215,C    ,0,USD  ,1710,10,0,53541,20160218
400,21626,20161215,C    ,0,USD  ,1710,10,0,53549,20160218
400,22994,20161215,C    ,0,USD  ,1710,10,0,54917,20160310
400,22999,20161215,C    ,0,USD  ,1710,10,0,54922,20160310
400,23000,20161215,C    ,0,USD  ,1710,10,0,54923,20160310
400,23006,20161215,C    ,0,USD  ,1710,10,0,54929,20160310
400,21638,20161215,C    ,0,USD  ,1710,10,0,53561,20160218
400,21641,20161215,C    ,0,USD  ,1710,10,0,53564,20160218
400,23019,20161215,C    ,0,USD  ,1710,10,0,54942,20160310
400,24707,20161215,C    ,0,USD  ,1710,10,0,56630,20160404
400,21663,20161215,C    ,0,USD  ,1710,10,0,53586,20160218
400,21665,20161215,C    ,0,USD  ,1710,10,0,53588,20160218
400,21669,20161215,C    ,0,USD  ,1710,10,0,53592,20160218
400,23036,20161215,C    ,0,USD  ,1710,10,0,54959,20160310
400,24720,20161215,C    ,0,USD  ,1710,10,0,56643,20160405
400,23038,20161215,C    ,0,USD  ,1710,10,0,54961,20160310
400,23041,20161215,C    ,0,USD  ,1710,10,0,54964,20160310
400,21675,20161215,C    ,0,USD  ,1710,10,0,53598,20160219
400,21680,20161215,C    ,0,USD  ,1710,10,0,53603,20160219
400,21683,20161215,C    ,0,USD  ,1710,10,0,53606,20160219
400,21685,20161215,C    ,0,USD  ,1710,10,0,53608,20160219
400,21693,20161215,C    ,0,USD  ,1710,10,0,53616,20160219
400,23062,20161215,C    ,0,USD  ,1710,10,0,54985,20160311
400,23064,20161215,C    ,0,USD  ,1710,10,0,54987,20160311
400,21711,20161215,C    ,0,USD  ,1710,10,0,53634,20160219
400,21712,20161215,C    ,0,USD  ,1710,10,0,53635,20160219
400,23083,20161215,C    ,0,USD  ,1710,10,0,55006,20160311
400,21730,20161215,C    ,0,USD  ,1710,10,0,53653,20160219
400,21734,20161215,C    ,0,USD  ,1710,10,0,53657,20160219
400,23099,20161215,C    ,0,USD  ,1710,10,0,55022,20160311
400,21736,20161215,C    ,0,USD  ,1710,10,0,53659,20160219
400,24785,20161215,C    ,0,USD  ,1710,10,0,56708,20160406
400,23103,20161215,C    ,0,USD  ,1710,10,0,55026,20160311
400,21739,20161215,C    ,0,USD  ,1710,10,0,53662,20160219
400,23106,20161215,C    ,0,USD  ,1710,10,0,55029,20160311
400,24794,20161215,C    ,0,USD  ,1710,10,0,56717,20160406
400,23112,20161215,C    ,0,USD  ,1710,10,0,55035,20160311
400,21750,20161215,C    ,0,USD  ,1710,10,0,53673,20160220
400,24803,20161215,C    ,0,USD  ,1710,10,0,56726,20160406
400,23120,20161215,C    ,0,USD  ,1710,10,0,55043,20160312
400,21755,20161215,C    ,0,USD  ,1710,10,0,53678,20160220
400,21756,20161215,C    ,0,USD  ,1710,10,0,53679,20160220
400,23122,20161215,C    ,0,USD  ,1710,10,0,55045,20160312
400,23126,20161215,C    ,0,USD  ,1710,10,0,55049,20160312
400,23127,20161215,C    ,0,USD  ,1710,10,0,55050,20160312
400,21763,20161215,C    ,0,USD  ,1710,10,0,53686,20160220
400,23135,20161215,C    ,0,USD  ,1710,10,0,55058,20160312
400,21781,20161215,C    ,0,USD  ,1710,10,0,53704,20160220
400,21782,20161215,C    ,0,USD  ,1710,10,0,53705,20160220
400,23149,20161215,C    ,0,USD  ,1710,10,0,55072,20160312
400,23151,20161215,C    ,0,USD  ,1710,10,0,55074,20160312
400,24839,20161215,C    ,0,USD  ,1710,10,0,56762,20160406
400,24843,20161215,C    ,0,USD  ,1710,10,0,56766,20160406
400,21800,20161215,C    ,0,USD  ,1710,10,0,53723,20160220
400,24850,20161215,C    ,0,USD  ,1710,10,0,56773,20160407
400,23169,20161215,C    ,0,USD  ,1710,10,0,55092,20160312
400,21803,20161215,C    ,0,USD  ,1710,10,0,53726,20160220
400,21805,20161215,C    ,0,USD  ,1710,10,0,53728,20160220
400,23172,20161215,C    ,0,USD  ,1710,10,0,55095,20160312
400,23173,20161215,C    ,0,USD  ,1710,10,0,55096,20160312
400,23179,20161215,C    ,0,USD  ,1710,10,0,55102,20160312
400,24863,20161215,C    ,0,USD  ,1710,10,0,56786,20160407
400,24868,20161215,C    ,0,USD  ,1710,10,0,56791,20160407
400,21821,20161215,C    ,0,USD  ,1710,10,0,53744,20160221
400,23189,20161215,C    ,0,USD  ,1710,10,0,55112,20160313
400,21827,20161215,C    ,0,USD  ,1710,10,0,53750,20160221
400,23193,20161215,C    ,0,USD  ,1710,10,0,55116,20160313
400,21829,20161215,C    ,0,USD  ,1710,10,0,53752,20160221
400,23198,20161215,C    ,0,USD  ,1710,10,0,55121,20160313
400,23199,20161215,C    ,0,USD  ,1710,10,0,55122,20160313
400,21834,20161215,C    ,0,USD  ,1710,10,0,53757,20160221
400,24885,20161215,C    ,0,USD  ,1710,10,0,56808,20160407
400,24888,20161215,C    ,0,USD  ,1710,10,0,56811,20160407
400,23207,20161215,C    ,0,USD  ,1710,10,0,55130,20160313
400,21845,20161215,C    ,0,USD  ,1710,10,0,53768,20160221
400,21850,20161215,C    ,0,USD  ,1710,10,0,53773,20160221
400,24903,20161215,C    ,0,USD  ,1710,10,0,56826,20160407
400,24907,20161215,C    ,0,USD  ,1710,10,0,56830,20160407
400,21869,20161215,C    ,0,USD  ,1710,10,0,53792,20160221
400,23236,20161215,C    ,0,USD  ,1710,10,0,55159,20160313
400,21874,20161215,C    ,0,USD  ,1710,10,0,53797,20160221
400,23241,20161215,C    ,0,USD  ,1710,10,0,55164,20160313
400,24924,20161215,C    ,0,USD  ,1710,10,0,56847,20160408
400,21875,20161215,C    ,0,USD  ,1710,10,0,53798,20160221
400,21879,20161215,C    ,0,USD  ,1710,10,0,53802,20160221
400,23248,20161215,C    ,0,USD  ,1710,10,0,55171,20160313
400,23253,20161215,C    ,0,USD  ,1710,10,0,55176,20160314
400,21890,20161215,C    ,0,USD  ,1710,10,0,53813,20160222
400,23259,20161215,C    ,0,USD  ,1710,10,0,55182,20160314
400,21894,20161215,C    ,0,USD  ,1710,10,0,53817,20160222
400,23262,20161215,C    ,0,USD  ,1710,10,0,55185,20160314
400,21896,20161215,C    ,0,USD  ,1710,10,0,53819,20160222
400,21901,20161215,C    ,0,USD  ,1710,10,0,53824,20160222
400,23270,20161215,C    ,0,USD  ,1710,10,0,55193,20160314
400,21917,20161215,C    ,0,USD  ,1710,10,0,53840,20160222
400,23284,20161215,C    ,0,USD  ,1710,10,0,55207,20160314
400,21918,20161215,C    ,0,USD  ,1710,10,0,53841,20160222
400,23287,20161215,C    ,0,USD  ,1710,10,0,55210,20160314
400,24971,20161215,C    ,0,USD  ,1710,10,0,56894,20160408
400,23288,20161215,C    ,0,USD  ,1710,10,0,55211,20160314
400,24978,20161215,C    ,0,USD  ,1710,10,0,56901,20160408
400,21936,20161215,C    ,0,USD  ,1710,10,0,53859,20160222
400,21940,20161215,C    ,0,USD  ,1710,10,0,53863,20160222
400,23306,20161215,C    ,0,USD  ,1710,10,0,55229,20160314
400,21942,20161215,C    ,0,USD  ,1710,10,0,53865,20160222
400,23309,20161215,C    ,0,USD  ,1710,10,0,55232,20160314
400,23310,20161215,C    ,0,USD  ,1710,10,0,55233,20160314
400,24995,20161215,C    ,0,USD  ,1710,10,0,56918,20160409
400,21946,20161215,C    ,0,USD  ,1710,10,0,53869,20160222
400,23314,20161215,C    ,0,USD  ,1710,10,0,55237,20160314
400,21950,20161215,C    ,0,USD  ,1710,10,0,53873,20160223
400,21958,20161215,C    ,0,USD  ,1710,10,0,53881,20160223
400,25007,20161215,C    ,0,USD  ,1710,10,0,56930,20160409
400,23326,20161215,C    ,0,USD  ,1710,10,0,55249,20160315
400,21962,20161215,C    ,0,USD  ,1710,10,0,53885,20160223
400,21968,20161215,C    ,0,USD  ,1710,10,0,53891,20160223
400,23334,20161215,C    ,0,USD  ,1710,10,0,55257,20160315
400,21970,20161215,C    ,0,USD  ,1710,10,0,53893,20160223
400,23336,20161215,C    ,0,USD  ,1710,10,0,55259,20160315
400,21975,20161215,C    ,0,USD  ,1710,10,0,53898,20160223
400,23342,20161215,C    ,0,USD  ,1710,10,0,55265,20160315
400,21987,20161215,C    ,0,USD  ,1710,10,0,53910,20160223
400,25037,20161215,C    ,0,USD  ,1710,10,0,56960,20160409
400,23354,20161215,C    ,0,USD  ,1710,10,0,55277,20160315
400,25039,20161215,C    ,0,USD  ,1710,10,0,56962,20160409
400,21993,20161215,C    ,0,USD  ,1710,10,0,53916,20160223
400,25047,20161215,C    ,0,USD  ,1710,10,0,56970,20160409
400,23370,20161215,C    ,0,USD  ,1710,10,0,55293,20160315
400,25058,20161215,C    ,0,USD  ,1710,10,0,56981,20160410
400,23375,20161215,C    ,0,USD  ,1710,10,0,55298,20160315
400,22010,20161215,C    ,0,USD  ,1710,10,0,53933,20160223
400,23377,20161215,C    ,0,USD  ,1710,10,0,55300,20160315
400,22013,20161215,C    ,0,USD  ,1710,10,0,53936,20160223
400,22017,20161215,C    ,0,USD  ,1710,10,0,53940,20160223
400,23382,20161215,C    ,0,USD  ,1710,10,0,55305,20160315
400,25070,20161215,C    ,0,USD  ,1710,10,0,56993,20160410
400,23391,20161215,C    ,0,USD  ,1710,10,0,55314,20160316
400,22027,20161215,C    ,0,USD  ,1710,10,0,53950,20160224
400,23394,20161215,C    ,0,USD  ,1710,10,0,55317,20160316
400,23396,20161215,C    ,0,USD  ,1710,10,0,55319,20160316
400,22031,20161215,C    ,0,USD  ,1710,10,0,53954,20160224
400,23398,20161215,C    ,0,USD  ,1710,10,0,55321,20160316
400,22034,20161215,C    ,0,USD  ,1710,10,0,53957,20160224
400,22035,20161215,C    ,0,USD  ,1710,10,0,53958,20160224
400,23404,20161215,C    ,0,USD  ,1710,10,0,55327,20160316
400,22043,20161215,C    ,0,USD  ,1710,10,0,53966,20160224
400,23420,20161215,C    ,0,USD  ,1710,10,0,55343,20160316
400,23421,20161215,C    ,0,USD  ,1710,10,0,55344,20160316
400,22059,20161215,C    ,0,USD  ,1710,10,0,53982,20160224
400,22060,20161215,C    ,0,USD  ,1710,10,0,53983,20160224
400,23438,20161215,C    ,0,USD  ,1710,10,0,55361,20160316
400,25122,20161215,C    ,0,USD  ,1710,10,0,57045,20160411
400,22077,20161215,C    ,0,USD  ,1710,10,0,54000,20160224
400,23442,20161215,C    ,0,USD  ,1710,10,0,55365,20160316
400,23445,20161215,C    ,0,USD  ,1710,10,0,55368,20160316
400,22081,20161215,C    ,0,USD  ,1710,10,0,54004,20160224
400,22083,20161215,C    ,0,USD  ,1710,10,0,54006,20160224
400,23448,20161215,C    ,0,USD  ,1710,10,0,55371,20160316
400,25131,20161215,C    ,0,USD  ,1710,10,0,57054,20160411
400,22088,20161215,C    ,0,USD  ,1710,10,0,54011,20160224
400,23458,20161215,C    ,0,USD  ,1710,10,0,55381,20160317
400,22092,20161215,C    ,0,USD  ,1710,10,0,54015,20160225
400,23463,20161215,C    ,0,USD  ,1710,10,0,55386,20160317
400,23464,20161215,C    ,0,USD  ,1710,10,0,55387,20160317
400,22100,20161215,C    ,0,USD  ,1710,10,0,54023,20160225
400,22104,20161215,C    ,0,USD  ,1710,10,0,54027,20160225
400,25153,20161215,C    ,0,USD  ,1710,10,0,57076,20160411
400,23471,20161215,C    ,0,USD  ,1710,10,0,55394,20160317
400,22106,20161215,C    ,0,USD  ,1710,10,0,54029,20160225
400,22110,20161215,C    ,0,USD  ,1710,10,0,54033,20160225
400,23487,20161215,C    ,0,USD  ,1710,10,0,55410,20160317
400,23488,20161215,C    ,0,USD  ,1710,10,0,55411,20160317
400,25172,20161215,C    ,0,USD  ,1710,10,0,57095,20160411
400,22126,20161215,C    ,0,USD  ,1710,10,0,54049,20160225
400,22127,20161215,C    ,0,USD  ,1710,10,0,54050,20160225
400,23503,20161215,C    ,0,USD  ,1710,10,0,55426,20160317
400,23506,20161215,C    ,0,USD  ,1710,10,0,55429,20160317
400,25191,20161215,C    ,0,USD  ,1710,10,0,57114,20160412
400,23509,20161215,C    ,0,USD  ,1710,10,0,55432,20160317
400,23514,20161215,C    ,0,USD  ,1710,10,0,55437,20160317
400,22147,20161215,C    ,0,USD  ,1710,10,0,54070,20160225
400,25199,20161215,C    ,0,USD  ,1710,10,0,57122,20160412
400,22151,20161215,C    ,0,USD  ,1710,10,0,54074,20160225
400,22155,20161215,C    ,0,USD  ,1710,10,0,54078,20160225
400,23523,20161215,C    ,0,USD  ,1710,10,0,55446,20160318
400,22158,20161215,C    ,0,USD  ,1710,10,0,54081,20160225
400,23530,20161215,C    ,0,USD  ,1710,10,0,55453,20160318
400,23533,20161215,C    ,0,USD  ,1710,10,0,55456,20160318
400,22170,20161215,C    ,0,USD  ,1710,10,0,54093,20160226
400,23539,20161215,C    ,0,USD  ,1710,10,0,55462,20160318
400,25222,20161215,C    ,0,USD  ,1710,10,0,57145,20160412
400,25223,20161215,C    ,0,USD  ,1710,10,0,57146,20160412
400,22172,20161215,C    ,0,USD  ,1710,10,0,54095,20160226
400,22173,20161215,C    ,0,USD  ,1710,10,0,54096,20160226
400,22181,20161215,C    ,0,USD  ,1710,10,0,54104,20160226
400,23554,20161215,C    ,0,USD  ,1710,10,0,55477,20160318
400,23555,20161215,C    ,0,USD  ,1710,10,0,55478,20160318
400,25239,20161215,C    ,0,USD  ,1710,10,0,57162,20160412
400,25240,20161215,C    ,0,USD  ,1710,10,0,57163,20160412
400,25246,20161215,C    ,0,USD  ,1710,10,0,57169,20160412
400,22197,20161215,C    ,0,USD  ,1710,10,0,54120,20160226
400,22201,20161215,C    ,0,USD  ,1710,10,0,54124,20160226
400,23571,20161215,C    ,0,USD  ,1710,10,0,55494,20160318
400,22203,20161215,C    ,0,USD  ,1710,10,0,54126,20160226
400,23573,20161215,C    ,0,USD  ,1710,10,0,55496,20160318
400,23576,20161215,C    ,0,USD  ,1710,10,0,55499,20160318
400,25259,20161215,C    ,0,USD  ,1710,10,0,57182,20160413
400,23581,20161215,C    ,0,USD  ,1710,10,0,55504,20160318
400,25266,20161215,C    ,0,USD  ,1710,10,0,57189,20160413
400,23586,20161215,C    ,0,USD  ,1710,10,0,55509,20160319
400,22220,20161215,C    ,0,USD  ,1710,10,0,54143,20160226
400,22222,20161215,C    ,0,USD  ,1710,10,0,54145,20160226
400,22224,20161215,C    ,0,USD  ,1710,10,0,54147,20160226
400,23595,20161215,C    ,0,USD  ,1710,10,0,55518,20160319
400,22228,20161215,C    ,0,USD  ,1710,10,0,54151,20160226
400,23597,20161215,C    ,0,USD  ,1710,10,0,55520,20160319
400,25281,20161215,C    ,0,USD  ,1710,10,0,57204,20160413
400,22242,20161215,C    ,0,USD  ,1710,10,0,54165,20160227
400,22245,20161215,C    ,0,USD  ,1710,10,0,54168,20160227
400,22246,20161215,C    ,0,USD  ,1710,10,0,54169,20160227
400,25302,20161215,C    ,0,USD  ,1710,10,0,57225,20160413
400,25304,20161215,C    ,0,USD  ,1710,10,0,57227,20160413
400,22251,20161215,C    ,0,USD  ,1710,10,0,54174,20160227
400,23621,20161215,C    ,0,USD  ,1710,10,0,55544,20160319
400,25310,20161215,C    ,0,USD  ,1710,10,0,57233,20160413
400,25314,20161215,C    ,0,USD  ,1710,10,0,57237,20160414
400,22263,20161215,C    ,0,USD  ,1710,10,0,54186,20160227
400,23637,20161215,C    ,0,USD  ,1710,10,0,55560,20160319
400,25320,20161215,C    ,0,USD  ,1710,10,0,57243,20160414
400,22269,20161215,C    ,0,USD  ,1710,10,0,54192,20160227
400,23641,20161215,C    ,0,USD  ,1710,10,0,55564,20160319
400,23643,20161215,C    ,0,USD  ,1710,10,0,55566,20160319
400,23646,20161215,C    ,0,USD  ,1710,10,0,55569,20160319
400,23650,20161215,C    ,0,USD  ,1710,10,0,55573,20160320
400,23653,20161215,C    ,0,USD  ,1710,10,0,55576,20160320
400,22284,20161215,C    ,0,USD  ,1710,10,0,54207,20160227
400,23657,20161215,C    ,0,USD  ,1710,10,0,55580,20160320
400,22289,20161215,C    ,0,USD  ,1710,10,0,54212,20160227
400,23660,20161215,C    ,0,USD  ,1710,10,0,55583,20160320
400,22292,20161215,C    ,0,USD  ,1710,10,0,54215,20160227
400,25346,20161215,C    ,0,USD  ,1710,10,0,57269,20160414
400,22297,20161215,C    ,0,USD  ,1710,10,0,54220,20160227
400,23670,20161215,C    ,0,USD  ,1710,10,0,55593,20160320
400,23679,20161215,C    ,0,USD  ,1710,10,0,55602,20160320
400,22310,20161215,C    ,0,USD  ,1710,10,0,54233,20160228
400,23681,20161215,C    ,0,USD  ,1710,10,0,55604,20160320
400,22315,20161215,C    ,0,USD  ,1710,10,0,54238,20160228
400,22316,20161215,C    ,0,USD  ,1710,10,0,54239,20160228
400,25369,20161215,C    ,0,USD  ,1710,10,0,57292,20160414
400,25372,20161215,C    ,0,USD  ,1710,10,0,57295,20160414
400,22324,20161215,C    ,0,USD  ,1710,10,0,54247,20160228
400,25382,20161215,C    ,0,USD  ,1710,10,0,57305,20160415
400,25383,20161215,C    ,0,USD  ,1710,10,0,57306,20160415
400,23700,20161215,C    ,0,USD  ,1710,10,0,55623,20160320
400,23704,20161215,C    ,0,USD  ,1710,10,0,55627,20160320
400,22336,20161215,C    ,0,USD  ,1710,10,0,54259,20160228
400,22337,20161215,C    ,0,USD  ,1710,10,0,54260,20160228
400,23708,20161215,C    ,0,USD  ,1710,10,0,55631,20160320
400,25391,20161215,C    ,0,USD  ,1710,10,0,57314,20160415
400,22346,20161215,C    ,0,USD  ,1710,10,0,54269,20160228
400,23718,20161215,C    ,0,USD  ,1710,10,0,55641,20160321
400,23722,20161215,C    ,0,USD  ,1710,10,0,55645,20160321
400,23724,20161215,C    ,0,USD  ,1710,10,0,55647,20160321
400,25408,20161215,C    ,0,USD  ,1710,10,0,57331,20160415
400,22358,20161215,C    ,0,USD  ,1710,10,0,54281,20160228
400,23733,20161215,C    ,0,USD  ,1710,10,0,55656,20160321
400,22364,20161215,C    ,0,USD  ,1710,10,0,54287,20160228
400,22366,20161215,C    ,0,USD  ,1710,10,0,54289,20160228
400,23750,20161215,C    ,0,USD  ,1710,10,0,55673,20160321
400,23751,20161215,C    ,0,USD  ,1710,10,0,55674,20160321
400,25450,20161215,C    ,0,USD  ,1710,10,0,57373,20160416
400,23769,20161215,C    ,0,USD  ,1710,10,0,55692,20160321
400,23770,20161215,C    ,0,USD  ,1710,10,0,55693,20160321
400,23773,20161215,C    ,0,USD  ,1710,10,0,55696,20160321
400,25461,20161215,C    ,0,USD  ,1710,10,0,57384,20160416
400,23778,20161215,C    ,0,USD  ,1710,10,0,55701,20160321
400,23784,20161215,C    ,0,USD  ,1710,10,0,55707,20160322
400,23787,20161215,C    ,0,USD  ,1710,10,0,55710,20160322
400,25476,20161215,C    ,0,USD  ,1710,10,0,57399,20160416
400,23793,20161215,C    ,0,USD  ,1710,10,0,55716,20160322
400,23795,20161215,C    ,0,USD  ,1710,10,0,55718,20160322
400,23800,20161215,C    ,0,USD  ,1710,10,0,55723,20160322
400,23814,20161215,C    ,0,USD  ,1710,10,0,55737,20160322
400,23815,20161215,C    ,0,USD  ,1710,10,0,55738,20160322
400,23833,20161215,C    ,0,USD  ,1710,10,0,55756,20160322
400,25517,20161215,C    ,0,USD  ,1710,10,0,57440,20160417
400,23838,20161215,C    ,0,USD  ,1710,10,0,55761,20160322
400,23841,20161215,C    ,0,USD  ,1710,10,0,55764,20160322
400,23844,20161215,C    ,0,USD  ,1710,10,0,55767,20160322
400,25531,20161215,C    ,0,USD  ,1710,10,0,57454,20160417
400,23851,20161215,C    ,0,USD  ,1710,10,0,55774,20160323
400,23856,20161215,C    ,0,USD  ,1710,10,0,55779,20160323
400,25541,20161215,C    ,0,USD  ,1710,10,0,57464,20160417
400,23858,20161215,C    ,0,USD  ,1710,10,0,55781,20160323
400,23865,20161215,C    ,0,USD  ,1710,10,0,55788,20160323
400,25553,20161215,C    ,0,USD  ,1710,10,0,57476,20160417
400,23883,20161215,C    ,0,USD  ,1710,10,0,55806,20160323
400,23884,20161215,C    ,0,USD  ,1710,10,0,55807,20160323
400,25582,20161215,C    ,0,USD  ,1710,10,0,57505,20160418
400,23900,20161215,C    ,0,USD  ,1710,10,0,55823,20160323
400,23902,20161215,C    ,0,USD  ,1710,10,0,55825,20160323
400,23905,20161215,C    ,0,USD  ,1710,10,0,55828,20160323
400,25590,20161215,C    ,0,USD  ,1710,10,0,57513,20160418
400,23910,20161215,C    ,0,USD  ,1710,10,0,55833,20160323
400,25598,20161215,C    ,0,USD  ,1710,10,0,57521,20160418
400,23918,20161215,C    ,0,USD  ,1710,10,0,55841,20160324
400,23923,20161215,C    ,0,USD  ,1710,10,0,55846,20160324
400,23925,20161215,C    ,0,USD  ,1710,10,0,55848,20160324
400,23931,20161215,C    ,0,USD  ,1710,10,0,55854,20160324
400,23948,20161215,C    ,0,USD  ,1710,10,0,55871,20160324
400,23949,20161215,C    ,0,USD  ,1710,10,0,55872,20160324
400,25635,20161215,C    ,0,USD  ,1710,10,0,57558,20160418
400,25649,20161215,C    ,0,USD  ,1710,10,0,57572,20160419
400,23966,20161215,C    ,0,USD  ,1710,10,0,55889,20160324
400,23969,20161215,C    ,0,USD  ,1710,10,0,55892,20160324
400,25656,20161215,C    ,0,USD  ,1710,10,0,57579,20160419
400,23972,20161215,C    ,0,USD  ,1710,10,0,55895,20160324
400,23976,20161215,C    ,0,USD  ,1710,10,0,55899,20160324
400,25665,20161215,C    ,0,USD  ,1710,10,0,57588,20160419
400,23986,20161215,C    ,0,USD  ,1710,10,0,55909,20160325
400,23989,20161215,C    ,0,USD  ,1710,10,0,55912,20160325
400,23992,20161215,C    ,0,USD  ,1710,10,0,55915,20160325
400,24000,20161215,C    ,0,USD  ,1710,10,0,55923,20160325
400,24011,20161215,C    ,0,USD  ,1710,10,0,55934,20160325
400,24017,20161215,C    ,0,USD  ,1710,10,0,55940,20160325
400,25712,20161215,C    ,0,USD  ,1710,10,0,57635,20160420
400,24031,20161215,C    ,0,USD  ,1710,10,0,55954,20160325
400,24033,20161215,C    ,0,USD  ,1710,10,0,55956,20160325
400,24036,20161215,C    ,0,USD  ,1710,10,0,55959,20160325
400,24042,20161215,C    ,0,USD  ,1710,10,0,55965,20160325
400,24047,20161215,C    ,0,USD  ,1710,10,0,55970,20160326
400,24053,20161215,C    ,0,USD  ,1710,10,0,55976,20160326
400,24054,20161215,C    ,0,USD  ,1710,10,0,55977,20160326
400,24063,20161215,C    ,0,USD  ,1710,10,0,55986,20160326
400,24078,20161215,C    ,0,USD  ,1710,10,0,56001,20160326
400,24079,20161215,C    ,0,USD  ,1710,10,0,56002,20160326
400,25779,20161215,C    ,0,USD  ,1710,10,0,57702,20160421
400,24097,20161215,C    ,0,USD  ,1710,10,0,56020,20160326
400,24100,20161215,C    ,0,USD  ,1710,10,0,56023,20160326
400,24102,20161215,C    ,0,USD  ,1710,10,0,56025,20160326
400,25787,20161215,C    ,0,USD  ,1710,10,0,57710,20160421
400,24105,20161215,C    ,0,USD  ,1710,10,0,56028,20160326
400,24114,20161215,C    ,0,USD  ,1710,10,0,56037,20160327
400,24118,20161215,C    ,0,USD  ,1710,10,0,56041,20160327
400,24119,20161215,C    ,0,USD  ,1710,10,0,56042,20160327
400,25805,20161215,C    ,0,USD  ,1710,10,0,57728,20160421
400,24126,20161215,C    ,0,USD  ,1710,10,0,56049,20160327
400,24143,20161215,C    ,0,USD  ,1710,10,0,56066,20160327
400,24144,20161215,C    ,0,USD  ,1710,10,0,56067,20160327
400,24163,20161215,C    ,0,USD  ,1710,10,0,56086,20160327
400,24166,20161215,C    ,0,USD  ,1710,10,0,56089,20160327
400,24168,20161215,C    ,0,USD  ,1710,10,0,56091,20160327
400,25856,20161215,C    ,0,USD  ,1710,10,0,57779,20160422
400,24175,20161215,C    ,0,USD  ,1710,10,0,56098,20160327
400,24177,20161215,C    ,0,USD  ,1710,10,0,56100,20160328
400,24184,20161215,C    ,0,USD  ,1710,10,0,56107,20160328
400,24186,20161215,C    ,0,USD  ,1710,10,0,56109,20160328
400,24187,20161215,C    ,0,USD  ,1710,10,0,56110,20160328
400,24194,20161215,C    ,0,USD  ,1710,10,0,56117,20160328
400,25883,20161215,C    ,0,USD  ,1710,10,0,57806,20160422
400,24211,20161215,C    ,0,USD  ,1710,10,0,56134,20160328
400,25901,20161215,C    ,0,USD  ,1710,10,0,57824,20160422
400,25912,20161215,C    ,0,USD  ,1710,10,0,57835,20160423
400,25913,20161215,C    ,0,USD  ,1710,10,0,57836,20160423
400,24231,20161215,C    ,0,USD  ,1710,10,0,56154,20160328
400,24233,20161215,C    ,0,USD  ,1710,10,0,56156,20160328
400,24236,20161215,C    ,0,USD  ,1710,10,0,56159,20160328
400,25923,20161215,C    ,0,USD  ,1710,10,0,57846,20160423
400,24239,20161215,C    ,0,USD  ,1710,10,0,56162,20160328
400,24251,20161215,C    ,0,USD  ,1710,10,0,56174,20160329
400,24255,20161215,C    ,0,USD  ,1710,10,0,56178,20160329
400,24258,20161215,C    ,0,USD  ,1710,10,0,56181,20160329
400,24265,20161215,C    ,0,USD  ,1710,10,0,56188,20160329
400,24278,20161215,C    ,0,USD  ,1710,10,0,56201,20160329
400,25968,20161215,C    ,0,USD  ,1710,10,0,57891,20160423
400,24282,20161215,C    ,0,USD  ,1710,10,0,56205,20160329
400,24283,20161215,C    ,0,USD  ,1710,10,0,56206,20160329
400,25978,20161215,C    ,0,USD  ,1710,10,0,57901,20160424
400,24298,20161215,C    ,0,USD  ,1710,10,0,56221,20160329
400,24302,20161215,C    ,0,USD  ,1710,10,0,56225,20160329
400,25991,20161215,C    ,0,USD  ,1710,10,0,57914,20160424
400,24305,20161215,C    ,0,USD  ,1710,10,0,56228,20160329
400,24308,20161215,C    ,0,USD  ,1710,10,0,56231,20160329
400,25999,20161215,C    ,0,USD  ,1710,10,0,57922,20160424
400,24315,20161215,C    ,0,USD  ,1710,10,0,56238,20160330
400,24320,20161215,C    ,0,USD  ,1710,10,0,56243,20160330
400,24322,20161215,C    ,0,USD  ,1710,10,0,56245,20160330
400,24324,20161215,C    ,0,USD  ,1710,10,0,56247,20160330
400,24325,20161215,C    ,0,USD  ,1710,10,0,56248,20160330
400,26016,20161215,C    ,0,USD  ,1710,10,0,57939,20160424
400,24332,20161215,C    ,0,USD  ,1710,10,0,56255,20160330
400,26023,20161215,C    ,0,USD  ,1710,10,0,57946,20160424
400,24350,20161215,C    ,0,USD  ,1710,10,0,56273,20160330
400,26038,20161215,C    ,0,USD  ,1710,10,0,57961,20160424
400,26048,20161215,C    ,0,USD  ,1710,10,0,57971,20160425
400,24366,20161215,C    ,0,USD  ,1710,10,0,56289,20160330
400,24369,20161215,C    ,0,USD  ,1710,10,0,56292,20160330
400,24372,20161215,C    ,0,USD  ,1710,10,0,56295,20160330
400,24378,20161215,C    ,0,USD  ,1710,10,0,56301,20160330
400,24387,20161215,C    ,0,USD  ,1710,10,0,56310,20160331
400,24393,20161215,C    ,0,USD  ,1710,10,0,56316,20160331
400,24395,20161215,C    ,0,USD  ,1710,10,0,56318,20160331
400,24401,20161215,C    ,0,USD  ,1710,10,0,56324,20160331
400,26088,20161215,C    ,0,USD  ,1710,10,0,58011,20160425
400,24413,20161215,C    ,0,USD  ,1710,10,0,56336,20160331
400,26100,20161215,C    ,0,USD  ,1710,10,0,58023,20160425
400,24416,20161215,C    ,0,USD  ,1710,10,0,56339,20160331
400,24435,20161215,C    ,0,USD  ,1710,10,0,56358,20160331
400,24438,20161215,C    ,0,USD  ,1710,10,0,56361,20160331
400,24441,20161215,C    ,0,USD  ,1710,10,0,56364,20160331
400,26127,20161215,C    ,0,USD  ,1710,10,0,58050,20160426
400,26130,20161215,C    ,0,USD  ,1710,10,0,58053,20160426
400,24444,20161215,C    ,0,USD  ,1710,10,0,56367,20160331
400,26137,20161215,C    ,0,USD  ,1710,10,0,58060,20160426
400,26152,20161215,C    ,0,USD  ,1710,10,0,58075,20160426
400,26170,20161215,C    ,0,USD  ,1710,10,0,58093,20160426
400,26181,20161215,C    ,0,USD  ,1710,10,0,58104,20160427
400,26194,20161215,C    ,0,USD  ,1710,10,0,58117,20160427
400,26200,20161215,C    ,0,USD  ,1710,10,0,58123,20160427
